url,label
http://testphp.vulnweb.com,0
https://www.google.com,0
https://www.wikipedia.org,0
https://www.github.com,0
https://www.stackoverflow.com,0
https://www.reddit.com,0
https://www.linkedin.com,0
https://www.amazon.com,0
https://www.bbc.com,0
https://www.cloudflare.com,0
https://www.microsoft.com,0
https://www.apple.com,0
https://www.ibm.com,0
https://www.oracle.com,0
https://www.intel.com,0
https://www.python.org,0
https://www.gitlab.com,0
https://www.salesforce.com,0
https://www.medium.com,0
https://www.quora.com,0
https://www.spotify.com,0
https://www.netflix.com,0
https://www.trello.com,0
https://www.airbnb.com,0
https://www.yelp.com,0
https://www.paypal.com,0
https://www.dropbox.com,0
https://www.shopify.com,0
https://www.adobe.com,0
https://www.stackexchange.com,0
https://www.pinterest.com,0
https://www.twitch.tv,0
https://www.wordpres.org,0
http://www.example.com,0
http://safe-site.org,0
http://www.asana.com,0
http://www.cloudflare.com,0
http://www.etsy.com,0
http://www.canva.com,0
http://www.zillow.com,0
http://www.khanacademy.org,0
http://www.codecademy.com,0
http://www.edx.org,0
http://www.coursera.org,0
http://www.udemy.com,0
http://www.futurelearn.com,0
http://www.codecademy.com,0
http://www.academia.edu,0
http://www.sciencedirect.com,0
http://www.researchgate.net,0
http://www.mendeley.com,0
http://www.arxiv.org,0
http://www.springer.com,0
http://www.elsevier.com,0
http://www.jstor.org,0
http://www.scribd.com,0
http://www.iaea.org,0
http://www.un.org,0
http://www.nasa.gov,0
http://www.cdc.gov,0
http://www.who.int,0
http://www.redcross.org,0
http://www.oxfam.org,0
http://www.wfp.org,0
http://www.amnesty.org,0
http://www.greenpeace.org,0
http://www.hrw.org,0
http://www.savechildren.org,0
http://www.worldvision.org,0
http://www.oxfam.org,0
http://www.savethechildren.org,0
http://www.care.org,0
http://www.actionaid.org,0
http://www.brac.net,0
http://www.fao.org,0
http://www.unicef.org,0
http://www.worldbank.org,0
http://www.imf.org,0
http://www.wto.org,0
http://www.oecd.org,0
http://www.g20.org,0
http://www.g7.gc.ca,0
http://www.undp.org,0
http://www.aid.org,0
http://www.fondation.org,0
http://www.usaid.gov,0
http://www.usa.gov,0
http://www.nsf.gov,0
http://www.nationalgeographic.com,0
http://www.cnbc.com,0
http://www.forbes.com,0
http://www.wsj.com,0
http://www.bloomberg.com,0
http://www.reuters.com,0
http://www.bbc.com/news,0
http://www.nytimes.com,0
http://www.theguardian.com,0
http://www.vox.com,0
http://www.huffpost.com,0
http://www.cnn.com,0
http://www.abcnews.go.com,0
http://www.npr.org,0
http://www.msn.com,0
http://www.foxnews.com,0
http://www.slate.com,0
http://www.thedailybeast.com,0
http://www.politico.com,0
http://www.thehill.com,0
http://www.buzzfeed.com,0
http://www.vice.com,0
http://www.wired.com,0
http://www.theverge.com,0
http://www.engadget.com,0
http://www.techcrunch.com,0
http://www.arstechnica.com,0
http://www.gizmodo.com,0
http://www.tomsguide.com,0
http://www.digitaltrends.com,0
http://www.laptopmag.com,0
http://www.techradar.com,0
http://www.androidcentral.com,0
http://www.windowscentral.com,0
http://www.macrumors.com,0
http://www.appleinsider.com,0
http://www.droid-life.com,0
http://www.phonearena.com,0
http://www.cnet.com,0
http://www.techspot.com,0
http://www.pcgamer.com,0
http://www.gamespot.com,0
http://www.ign.com,0
http://www.rockpapershotgun.com,0
http://www.kotaku.com,0
http://www.polygon.com,0
http://www.destructoid.com,0
http://www.eurogamer.net,0
http://www.giantbomb.com,0
http://www.gameinformer.com,0
http://www.nintendo.com,0
http://www.xbox.com,0
http://www.playstation.com,0
http://www.steampowered.com,0
http://www.kongregate.com,0
http://www.newgrounds.com,0
http://www.miniclip.com,0
http://www.addictinggames.com,0
http://www.crazygames.com,0
http://www.silvergames.com,0
http://www.freeonlinegames.com,0
http://www.y8.com,0
http://www.armor games.com,0
http://www.kizi.com,0
http://www.hoodamath.com,0
http://www.boredpanda.com,0
http://www.mentalfloss.com,0
http://www.collegehumor.com,0
http://www.failblog.com,0
http://www.9gag.com,0
http://www.thechive.com,0
http://www.reddit.com/r/funny,0
http://www.nature.com,0
http://www.sciencedaily.com,0
http://www.pnas.org,0
http://www.plos.org,0
http://www.cell.com,0
http://www.sciencemag.org,0
http://www.livescience.com,0
http://www.mentalfloss.com,0
http://www.scientificamerican.com,0
http://www.nationalgeographic.com/science,0
http://www.huffpost.com/news/science,0
http://www.newscientist.com,0
http://www.thoughtco.com,0
http://www.britannica.com,0
http://www.history.com,0
http://www.smithsonianmag.com,0
http://www.archaeology.org,0
http://www.mentalfloss.com,0
http://www.wikipedia.org/wiki/History,0
http://www.livescience.com/space,0
http://www.abc.net.au/news/science,0
http://www.science.org.au,0
http://www.space.com,0
http://www.astronomy.com,0
http://www.universetoday.com,0
http://www.spaceflightnow.com,0
http://www.nasa.gov/spaceflight,0
http://www.esa.int/spaceflight,0
http://www.esa.int/Space_in_Your_Life,0
http://www.sciencehistory.org,0
http://www.sciencenews.org,0
http://www.scientificamerican.com/space,0
http://www.sciencenewsforstudents.org,0
http://www.space.com/space-science,0
http://www.space.com/space-technology,0
http://www.nasa.gov/launches,0
http://www.nasa.gov/exploration,0
http://www.nasa.gov/missions,0
http://www.nasa.gov/space-science,0
http://www.sciencenews.org/article/cosmic-questions,0
http://www.sciencenews.org/article/space-research,0
http://www.sciencenews.org/article/exoplanets,0
http://www.sciencenews.org/article/black-holes,0
http://www.sciencenews.org/article/galaxies,0
http://www.sciencenews.org/article/planets,0
http://www.sciencenews.org/article/the-solar-system,0
http://www.sciencenews.org/article/the-moon,0
http://www.sciencenews.org/article/the-sun,0
http://www.sciencenews.org/article/stars,0
http://www.sciencenews.org/article/comets,0
http://www.sciencenews.org/article/asteroids,0
http://www.sciencenews.org/article/extraterrestrial-life,0
http://www.sciencenews.org/article/astrobiology,0
http://www.sciencenews.org/article/space-missions,0
http://www.sciencenews.org/article/exploration,0
http://www.sciencenews.org/article/cosmic-phenomena,0
http://www.sciencenews.org/article/the-universe,0
http://www.sciencenews.org/article/space-technology,0
http://www.sciencenews.org/article/spacetime,0
http://www.sciencenews.org/article/theories-of-space,0
http://www.sciencenews.org/article/theories-of-physics,0
http://www.sciencenews.org/article/theories-of-reality,0
http://www.sciencenews.org/article/theories-of-everything,0
http://www.sciencenews.org/article/theories-of-the-universe,0
http://www.sciencenews.org/article/theories-of-time,0
http://www.sciencenews.org/article/theories-of-nature,0
http://www.sciencenews.org/article/theories-of-science,0
http://www.sciencenews.org/article/theories-of-the-human-body,0
http://www.sciencenews.org/article/theories-of-biology,0
http://www.sciencenews.org/article/theories-of-chemistry,0
http://www.sciencenews.org/article/theories-of-geology,0
http://www.sciencenews.org/article/theories-of-physics-2,0
http://www.sciencenews.org/article/theories-of-matter,0
http://www.sciencenews.org/article/theories-of-energy,0
http://www.sciencenews.org/article/theories-of-the-mind,0
http://www.sciencenews.org/article/theories-of-society,0
http://www.sciencenews.org/article/theories-of-culture,0
http://www.sciencenews.org/article/theories-of-history,0
http://www.sciencenews.org/article/theories-of-the-future,0
http://www.sciencenews.org/article/theories-of-economics,0
http://www.sciencenews.org/article/theories-of-politics,0
http://www.sciencenews.org/article/theories-of-religion,0
http://www.sciencenews.org/article/theories-of-ethics,0
http://www.sciencenews.org/article/theories-of-education,0
http://www.sciencenews.org/article/theories-of-law,0
http://www.sciencenews.org/article/theories-of-language,0
http://www.sciencenews.org/article/theories-of-art,0
http://www.sciencenews.org/article/theories-of-music,0
http://www.sciencenews.org/article/theories-of-literature,0
http://www.sciencenews.org/article/theories-of-philosophy,0
http://www.sciencenews.org/article/theories-of-science-2,0
http://www.sciencenews.org/article/theories-of-reality-2,0
http://www.sciencenews.org/article/theories-of-time-2,0
http://www.sciencenews.org/article/theories-of-everything-2,0
http://www.sciencenews.org/article/theories-of-the-universe-2,0
http://www.sciencenews.org/article/theories-of-nature-2,0
http://www.sciencenews.org/article/theories-of-biology-2,0
http://www.sciencenews.org/article/theories-of-chemistry-2,0
http://www.sciencenews.org/article/theories-of-geology-2,0
http://www.sciencenews.org/article/theories-of-physics-3,0
http://www.sciencenews.org/article/theories-of-matter-2,0
http://www.sciencenews.org/article/theories-of-energy-2,0
http://www.sciencenews.org/article/theories-of-the-mind-2,0
http://www.sciencenews.org/article/theories-of-society-2,0
http://www.sciencenews.org/article/theories-of-culture-2,0
http://www.sciencenews.org/article/theories-of-history-2,0
http://www.sciencenews.org/article/theories-of-the-future-2,0
http://www.sciencenews.org/article/theories-of-economics-2,0
http://www.sciencenews.org/article/theories-of-politics-2,0
http://www.sciencenews.org/article/theories-of-religion-2,0
http://www.sciencenews.org/article/theories-of-ethics-2,0
http://www.sciencenews.org/article/theories-of-education-2,0
http://www.sciencenews.org/article/theories-of-law-2,0
http://www.sciencenews.org/article/theories-of-language-2,0
http://www.sciencenews.org/article/theories-of-art-2,0
http://www.sciencenews.org/article/theories-of-music-2,0
http://www.sciencenews.org/article/theories-of-literature-2,0
http://www.sciencenews.org/article/theories-of-philosophy-2,0
http://www.sciencenews.org/article/theories-of-science-3,0
http://www.sciencenews.org/article/theories-of-reality-3,0
http://www.sciencenews.org/article/theories-of-time-3,0
http://www.sciencenews.org/article/theories-of-everything-3,0
http://www.sciencenews.org/article/theories-of-the-universe-3,0
http://www.sciencenews.org/article/theories-of-nature-3,0
http://www.sciencenews.org/article/theories-of-biology-3,0
http://www.sciencenews.org/article/theories-of-chemistry-3,0
http://www.sciencenews.org/article/theories-of-geology-3,0
http://www.sciencenews.org/article/theories-of-physics-4,0
http://www.sciencenews.org/article/theories-of-matter-3,0
http://www.sciencenews.org/article/theories-of-energy-3,0
http://www.sciencenews.org/article/theories-of-the-mind-3,0
http://www.sciencenews.org/article/theories-of-society-3,0
http://www.sciencenews.org/article/theories-of-culture-3,0
http://www.sciencenews.org/article/theories-of-history-3,0
http://www.sciencenews.org/article/theories-of-the-future-3,0
http://www.sciencenews.org/article/theories-of-economics-3,0
http://www.sciencenews.org/article/theories-of-politics-3,0
http://www.sciencenews.org/article/theories-of-religion-3,0
http://www.sciencenews.org/article/theories-of-ethics-3,0
http://www.sciencenews.org/article/theories-of-education-3,0
http://www.sciencenews.org/article/theories-of-law-3,0
http://www.sciencenews.org/article/theories-of-language-3,0
http://www.sciencenews.org/article/theories-of-art-3,0
http://www.sciencenews.org/article/theories-of-music-3,0
http://www.sciencenews.org/article/theories-of-literature-3,0
http://www.sciencenews.org/article/theories-of-philosophy-3,0
http://www.sciencenews.org/article/theories-of-science-4,0
http://www.sciencenews.org/article/theories-of-reality-4,0
http://www.sciencenews.org/article/theories-of-time-4,0
http://www.sciencenews.org/article/theories-of-everything-4,0
http://www.sciencenews.org/article/theories-of-the-universe-4,0
http://www.sciencenews.org/article/theories-of-nature-4,0
http://www.sciencenews.org/article/theories-of-biology-4,0
http://www.sciencenews.org/article/theories-of-chemistry-4,0
http://www.sciencenews.org/article/theories-of-geology-4,0
http://www.sciencenews.org/article/theories-of-physics-5,0
http://www.sciencenews.org/article/theories-of-matter-4,0
http://www.sciencenews.org/article/theories-of-energy-4,0
http://www.sciencenews.org/article/theories-of-the-mind-4,0
http://www.sciencenews.org/article/theories-of-society-4,0
http://www.sciencenews.org/article/theories-of-culture-4,0
http://www.sciencenews.org/article/theories-of-history-4,0
http://www.sciencenews.org/article/theories-of-the-future-4,0
http://www.sciencenews.org/article/theories-of-economics-4,0
http://www.sciencenews.org/article/theories-of-politics-4,0
http://www.sciencenews.org/article/theories-of-religion-4,0
http://www.sciencenews.org/article/theories-of-ethics-4,0
http://www.sciencenews.org/article/theories-of-education-4,0
http://www.sciencenews.org/article/theories-of-law-4,0
http://www.sciencenews.org/article/theories-of-language-4,0
http://www.sciencenews.org/article/theories-of-art-4,0
http://www.sciencenews.org/article/theories-of-music-4,0
http://www.sciencenews.org/article/theories-of-literature-4,0
http://www.sciencenews.org/article/theories-of-philosophy-4,0
http://www.sciencenews.org/article/theories-of-science-5,0
http://www.sciencenews.org/article/theories-of-reality-5,0
http://www.sciencenews.org/article/theories-of-time-5,0
http://www.sciencenews.org/article/theories-of-everything-5,0
http://www.sciencenews.org/article/theories-of-the-universe-5,0
http://www.sciencenews.org/article/theories-of-nature-5,0
http://www.sciencenews.org/article/theories-of-biology-5,0
http://www.sciencenews.org/article/theories-of-chemistry-5,0
http://www.sciencenews.org/article/theories-of-geology-5,0
http://www.sciencenews.org/article/theories-of-physics-6,0
http://www.sciencenews.org/article/theories-of-matter-5,0
http://www.sciencenews.org/article/theories-of-energy-5,0
http://www.sciencenews.org/article/theories-of-the-mind-5,0
http://www.sciencenews.org/article/theories-of-society-5,0
http://www.sciencenews.org/article/theories-of-culture-5,0
http://www.sciencenews.org/article/theories-of-history-5,0
http://www.sciencenews.org/article/theories-of-the-future-5,0
http://www.sciencenews.org/article/theories-of-economics-5,0
http://www.sciencenews.org/article/theories-of-politics-5,0
http://www.sciencenews.org/article/theories-of-religion-5,0
http://www.sciencenews.org/article/theories-of-ethics-5,0
http://www.sciencenews.org/article/theories-of-education-5,0
http://www.sciencenews.org/article/theories-of-law-5,0
http://www.sciencenews.org/article/theories-of-language-5,0
http://www.sciencenews.org/article/theories-of-art-5,0
http://www.sciencenews.org/article/theories-of-music-5,0
http://www.sciencenews.org/article/theories-of-literature-5,0
http://www.sciencenews.org/article/theories-of-philosophy-5,0
http://www.sciencenews.org/article/theories-of-science-6,0
http://www.sciencenews.org/article/theories-of-reality-6,0
http://www.sciencenews.org/article/theories-of-time-6,0
http://www.sciencenews.org/article/theories-of-everything-6,0
http://www.sciencenews.org/article/theories-of-the-universe-6,0
http://www.sciencenews.org/article/theories-of-nature-6,0
http://www.sciencenews.org/article/theories-of-biology-6,0
http://www.sciencenews.org/article/theories-of-chemistry-6,0
http://www.sciencenews.org/article/theories-of-geology-6,0
http://www.sciencenews.org/article/theories-of-physics-7,0
http://www.sciencenews.org/article/theories-of-matter-6,0
http://www.sciencenews.org/article/theories-of-energy-6,0
http://www.sciencenews.org/article/theories-of-the-mind-6,0
http://www.sciencenews.org/article/theories-of-society-6,0
http://www.sciencenews.org/article/theories-of-culture-6,0
http://www.sciencenews.org/article/theories-of-history-6,0
http://www.sciencenews.org/article/theories-of-the-future-6,0
http://www.sciencenews.org/article/theories-of-economics-6,0
http://www.sciencenews.org/article/theories-of-politics-6,0
http://www.sciencenews.org/article/theories-of-religion-6,0
http://www.sciencenews.org/article/theories-of-ethics-6,0
http://www.sciencenews.org/article/theories-of-education-6,0
http://www.sciencenews.org/article/theories-of-law-6,0
http://www.sciencenews.org/article/theories-of-language-6,0
http://www.sciencenews.org/article/theories-of-art-6,0
http://www.sciencenews.org/article/theories-of-music-6,0
http://www.sciencenews.org/article/theories-of-literature-6,0
http://www.sciencenews.org/article/theories-of-philosophy-6,0
http://www.sciencenews.org/article/theories-of-science-7,0
http://www.sciencenews.org/article/theories-of-reality-7,0
http://www.sciencenews.org/article/theories-of-time-7,0
http://www.sciencenews.org/article/theories-of-everything-7,0
http://www.sciencenews.org/article/theories-of-the-universe-7,0
http://www.sciencenews.org/article/theories-of-nature-7,0
http://www.sciencenews.org/article/theories-of-biology-7,0
http://www.sciencenews.org/article/theories-of-chemistry-7,0
http://www.sciencenews.org/article/theories-of-geology-7,0
http://www.sciencenews.org/article/theories-of-physics-8,0
http://www.sciencenews.org/article/theories-of-matter-7,0
http://www.sciencenews.org/article/theories-of-energy-7,0
http://www.sciencenews.org/article/theories-of-the-mind-7,0
http://www.sciencenews.org/article/theories-of-society-7,0
http://www.sciencenews.org/article/theories-of-culture-7,0
http://www.sciencenews.org/article/theories-of-history-7,0
http://www.sciencenews.org/article/theories-of-the-future-7,0
http://www.sciencenews.org/article/theories-of-economics-7,0
http://www.sciencenews.org/article/theories-of-politics-7,0
http://www.sciencenews.org/article/theories-of-religion-7,0
http://www.sciencenews.org/article/theories-of-ethics-7,0
http://www.sciencenews.org/article/theories-of-education-7,0
http://www.sciencenews.org/article/theories-of-law-7,0
http://www.sciencenews.org/article/theories-of-language-7,0
http://www.sciencenews.org/article/theories-of-art-7,0
http://www.sciencenews.org/article/theories-of-music-7,0
http://www.sciencenews.org/article/theories-of-literature-7,0
http://www.sciencenews.org/article/theories-of-philosophy-7,0
http://www.sciencenews.org/article/theories-of-science-8,0
http://www.sciencenews.org/article/theories-of-reality-8,0
http://www.sciencenews.org/article/theories-of-time-8,0
http://www.sciencenews.org/article/theories-of-everything-8,0
http://www.sciencenews.org/article/theories-of-the-universe-8,0
http://www.sciencenews.org/article/theories-of-nature-8,0
http://www.sciencenews.org/article/theories-of-biology-8,0
http://www.sciencenews.org/article/theories-of-chemistry-8,0
http://www.sciencenews.org/article/theories-of-geology-8,0
http://www.sciencenews.org/article/theories-of-physics-9,0
http://www.sciencenews.org/article/theories-of-matter-8,0
http://www.sciencenews.org/article/theories-of-energy-8,0
http://www.sciencenews.org/article/theories-of-the-mind-8,0
http://www.sciencenews.org/article/theories-of-society-8,0
http://www.sciencenews.org/article/theories-of-culture-8,0
http://www.sciencenews.org/article/theories-of-history-8,0
http://www.sciencenews.org/article/theories-of-the-future-8,0
http://www.sciencenews.org/article/theories-of-economics-8,0
http://www.sciencenews.org/article/theories-of-politics-8,0
http://www.sciencenews.org/article/theories-of-religion-8,0
http://www.sciencenews.org/article/theories-of-ethics-8,0
http://www.sciencenews.org/article/theories-of-education-8,0
http://www.sciencenews.org/article/theories-of-law-8,0
http://www.sciencenews.org/article/theories-of-language-8,0
http://www.sciencenews.org/article/theories-of-art-8,0
http://www.sciencenews.org/article/theories-of-music-8,0
http://www.sciencenews.org/article/theories-of-literature-8,0
http://www.sciencenews.org/article/theories-of-philosophy-8,0
http://www.sciencenews.org/article/theories-of-science-9,0
http://www.sciencenews.org/article/theories-of-reality-9,0
http://www.sciencenews.org/article/theories-of-time-9,0
http://www.sciencenews.org/article/theories-of-everything-9,0
http://www.sciencenews.org/article/theories-of-the-universe-9,0
http://www.sciencenews.org/article/theories-of-nature-9,0
http://www.scicenews.org/article/theories-of-biology-9,0
http://www.sciencenews.org/article/theories-of-chemistry-9,0
http://www.sciencenews.org/article/theories-of-geology-9,0
http://www.sciencenews.org/article/theories-of-physics-10,0
http://www.sciencenews.org/article/theories-of-matter-9,0
http://www.sciencenews.org/article/theories-of-energy-9,0
http://www.sciencenews.org/article/theories-of-the-mind-9,0
http://www.sciencenews.org/article/theories-of-society-9,0
http://www.sciencenews.org/article/theories-of-culture-9,0
http://www.sciencenews.org/article/theories-of-history-9,0
http://www.sciencenews.org/article/theories-of-the-future-9,0
http://www.sciencenews.org/article/theories-of-economics-9,0
http://www.sciencenews.org/article/theories-of-politics-9,0
http://www.sciencenews.org/article/theories-of-religion-9,0
http://www.sciencenews.org/article/theories-of-ethics-9,0
http://www.sciencenews.org/article/theories-of-education-9,0
http://www.sciencenews.org/article/theories-of-law-9,0
http://www.sciencenews.org/article/theories-of-language-9,0
http://www.sciencenews.org/article/theories-of-art-9,0
http://www.sciencenews.org/article/theories-of-music-9,0
http://www.sciencenews.org/article/theories-of-literature-9,0
http://www.sciencenews.org/article/theories-of-philosophy-9,0
http://www.sciencenews.org/article/theories-of-science-10,0
http://www.sciencenews.org/article/theories-of-reality-10,0
http://www.sciencenews.org/article/theories-of-time-10,0
http://www.sciencenews.org/article/theories-of-everything-10,0
http://www.sciencenews.org/article/theories-of-the-universe-10,0
http://www.sciencenews.org/article/theories-of-nature-10,0
http://www.sciencenews.org/article/theories-of-biology-10,0
http://www.sciencenews.org/article/theories-of-chemistry-10,0
http://www.sciencenews.org/article/theories-of-geology-10,0
http://www.sciencenews.org/article/theories-of-physics-11,0
http://www.sciencenews.org/article/theories-of-matter-10,0
http://www.sciencenews.org/article/theories-of-energy-10,0
http://www.sciencenews.org/article/theories-of-the-mind-10,0
http://www.sciencenews.org/article/theories-of-society-10,0
http://www.sciencenews.org/article/theories-of-culture-10,0
http://www.sciencenews.org/article/theories-of-history-10,0
http://www.sciencenews.org/article/theories-of-the-future-10,0
http://www.sciencenews.org/article/theories-of-economics-10,0
http://www.sciencenews.org/article/theories-of-politics-10,0
http://www.sciencenews.org/article/theories-of-religion-10,0
http://www.sciencenews.org/article/theories-of-ethics-10,0
http://www.sciencenews.org/article/theories-of-education-10,0
http://www.sciencenews.org/article/theories-of-law-10,0
http://www.sciencenews.org/article/theories-of-language-10,0
http://www.science.com/article/theories-of-art-10,0
http://www.sciencenews.org/article/theories-of-music-10,0
http://www.sciencenews.org/article/theories-of-literature-10,0
http://www.sciencenews.org/article/theories-of-philosophy-10,0
http://www.sciencenews.org/article/theories-of-science-11,0
http://www.sciencenews.org/article/theories-of-reality-11,0
http://www.sciencenews.org/article/theories-of-time-11,0
http://www.science.com/article/theories-of-everything-11,0
http://www.sciencenews.org/article/theories-of-the-universe-11,0
http://www.sciencenews.org/article/theories-of-nature-11,0
http://www.sciencenews.org/article/theories-of-biology-11,0
http://www.sciencenews.org/article/theories-of-chemistry-11,0
http://www.sciencenews.org/article/theories-of-geology-11,0
http://www.sciencenews.org/article/theories-of-physics-12,0
http://www.sciencenews.org/article/theories-of-matter-11,0
http://www.sciencenews.org/article/theories-of-energy-11,0
http://www.sciencenews.org/article/theories-of-the-mind-11,0
http://www.sciencenews.org/article/theories-of-society-11,0
http://www.sciencenews.org/article/theories-of-culture-11,0
http://www.sciencenews.org/article/theories-of-history-11,0
http://www.sciencenews.org/article/theories-of-the-future-11,0
http://www.sciencenews.org/article/theories-of-economics-11,0
http://www.sciencenews.org/article/theories-of-politics-11,0
http://www.sciencenews.org/article/theories-of-religion-11,0
http://www.sciencenews.org/article/theories-of-ethics-11,0
http://www.sciencenews.org/article/theories-of-education-11,0
http://www.sciencenews.org/article/theories-of-law-11,0
http://www.sciencenews.org/article/theories-of-language-11,0
http://www.sciencenews.org/article/theories-of-art-11,0
http://www.sciencenews.org/article/theories-of-music-11,0
http://www.sciencenews.org/article/theories-of-literature-11,0
http://www.sciencenews.org/article/theories-of-philosophy-11,0
http://www.sciencenews.org/article/theories-of-science-12,0
http://www.sciencenews.org/article/theories-of-reality-12,0
http://www.sciencenews.org/article/theories-of-time-12,0
http://www.sciencenews.org/article/theories-of-everything-12,0
http://www.sciencenews.org/article/theories-of-the-universe-12,0
http://www.sciencenews.org/article/theories-of-nature-12,0
http://www.sciencenews.org/article/theories-of-biology-12,0
http://www.sciencenews.org/article/theories-of-chemistry-12,0
http://www.sciencenews.org/article/theories-of-geology-12,0
